rurn,ruref,ern,entref,rusic07,employees,employment,turnover,prn,legalstatus,region,name,tradestyle,address1,address2,address3,address4,address5,postcode
33000000051,49906016135,1100000051,9906016135,55100,5,5,369,0.158231512,1,JG,DE536LEVOPMENTS LTD,,1 BORLASES COTTAGES           ,MILLEY ROAD                   ,WALTHAM ST LAWRENCE           ,READING                       ,                              ,RG10 0JY
33000000052,49906044845,1100000052,9906044845,47710,4,4,2150,0.126696302,1,HH,L9337DT,,1 BORLASES COTTAGES           ,MILLEY ROAD                   ,WALTHAM ST LAWRENCE           ,READING                       ,                              ,RG10 0JY
33000000053,49906050715,1100000053,9906050715,82990,0,0,392,0.424149751,1,HH,OOT3DOBLX LTD,,1 BOXLEY GARDENS              ,BOXLEY ROAD                   ,PENENDEN HEATH                ,MAIDSTONE                     ,                              ,ME14 2BD
33000000054,49906152275,1100000054,9906152275,71121,9,9,314,0.298446864,1,GG,OOT3DOBLX LTD,OOT3DOBLX.COM,1 BRAESIDE                    ,NAPHILL                       ,HIGH WYCOMBE                  ,BUCKS                         ,                              ,HP14 4RY
33000000055,49906210955,1100000055,9906210955,41201,1,1,8279,0.823342781,1,GG,OGC3VMIESRL LTD,,1 BRITTEN CLOSE               ,LANGDON HILLS                 ,BASILDON                      ,                              ,                              ,SS16 6TB
33000000056,49906215965,1100000056,9906215965,71122,8,8,30270,0.968260607,1,JG,UNOC4EITS SERVICES LIMITED,,1 BRITTEN CLOSE               ,LANGDON HILLS                 ,BASILDON                      ,ESSEX                         ,                              ,SS16 6TB
33000000059,49906262705,1100000059,9906262705,96090,8,8,4566,0.402750262,1,HH,UNOC4EITS SERVICES LTD,,1 BROOK COURT                 ,BLAKENEY ROAD                 ,BECKENHAM                     ,KENT                          ,                              ,BR3 1HG 
33000000063,49902232725,1100000063,9902232725,10612,14100,14100,27367068,0.556599574,1,XX,BIG BOX CEREAL LTD INCL VAT GROUP,,(ROAD HAULAGE CONTRS) ,BOW BRIDGE,WATERINGBURY,MAIDSTONE,KENT,ME18 5ED
